NOMBRE;apellido;Direccion 1;+54 9 1150000001
NOMBRE;apellido;Direccion 2;+54 9 1150000002
NOMBRE;apellido;Direccion 3;+54 9 1150000003
NOMBRE;apellido;Direccion 4;+54 9 1150000004
NOMBRE;apellido;Direccion 5;+54 9 1150000005
NOMBRE;apellido;Direccion 6;+54 9 1150000006
NOMBRE;apellido;Direccion 7;+54 9 1150000007
NOMBRE;apellido;Direccion 8;+54 9 1150000008
NOMBRE;apellido;Direccion 9;+54 9 1150000009
NOMBRE;apellido;Direccion 10;+54 9 1150000010
NOMBRE;apellido;Direccion 11;+54 9 1150000011
NOMBRE;apellido;Direccion 12;+54 9 1150000012
NOMBRE;apellido;Direccion 13;+54 9 1150000013
NOMBRE;apellido;Direccion 14;+54 9 1150000014
NOMBRE;apellido;Direccion 15;+54 9 1150000015
NOMBRE;apellido;Direccion 16;+54 9 1150000016
NOMBRE;apellido;Direccion 17;+54 9 1150000017
NOMBRE;apellido;Direccion 18;+54 9 1150000018
NOMBRE;apellido;Direccion 19;+54 9 1150000019
NOMBRE;apellido;Direccion 20;+54 9 1150000020
NOMBRE;apellido;Direccion 21;+54 9 1150000021
NOMBRE;apellido;Direccion 22;+54 9 1150000022
NOMBRE;apellido;Direccion 23;+54 9 1150000023
NOMBRE;apellido;Direccion 24;+54 9 1150000024
NOMBRE;apellido;Direccion 25;+54 9 1150000025
NOMBRE;apellido;Direccion 26;+54 9 1150000026
NOMBRE;apellido;Direccion 27;+54 9 1150000027
NOMBRE;apellido;Direccion 28;+54 9 1150000028
NOMBRE;apellido;Direccion 29;+54 9 1150000029
NOMBRE;apellido;Direccion 30;+54 9 1150000030
NOMBRE;apellido;Direccion 31;+54 9 1150000031
NOMBRE;apellido;Direccion 32;+54 9 1150000032
NOMBRE;apellido;Direccion 33;+54 9 1150000033
NOMBRE;apellido;Direccion 34;+54 9 1150000034
NOMBRE;apellido;Direccion 35;+54 9 1150000035
NOMBRE;apellido;Direccion 36;+54 9 1150000036
NOMBRE;apellido;Direccion 37;+54 9 1150000037
NOMBRE;apellido;Direccion 38;+54 9 1150000038
NOMBRE;apellido;Direccion 39;+54 9 1150000039
NOMBRE;apellido;Direccion 40;+54 9 1150000040
NOMBRE;apellido;Direccion 41;+54 9 1150000041
NOMBRE;apellido;Direccion 42;+54 9 1150000042
NOMBRE;apellido;Direccion 43;+54 9 1150000043
NOMBRE;apellido;Direccion 44;+54 9 1150000044
NOMBRE;apellido;Direccion 45;+54 9 1150000045
NOMBRE;apellido;Direccion 46;+54 9 1150000046
NOMBRE;apellido;Direccion 47;+54 9 1150000047
NOMBRE;apellido;Direccion 48;+54 9 1150000048
NOMBRE;apellido;Direccion 49;+54 9 1150000049
NOMBRE;apellido;Direccion 50;+54 9 1150000050
NOMBRE;apellido;Direccion 51;+54 9 1150000051
NOMBRE;apellido;Direccion 52;+54 9 1150000052
NOMBRE;apellido;Direccion 53;+54 9 1150000053
NOMBRE;apellido;Direccion 54;+54 9 1150000054
NOMBRE;apellido;Direccion 55;+54 9 1150000055
NOMBRE;apellido;Direccion 56;+54 9 1150000056
NOMBRE;apellido;Direccion 57;+54 9 1150000057
NOMBRE;apellido;Direccion 58;+54 9 1150000058
NOMBRE;apellido;Direccion 59;+54 9 1150000059
NOMBRE;apellido;Direccion 60;+54 9 1150000060
NOMBRE;apellido;Direccion 61;+54 9 1150000061
NOMBRE;apellido;Direccion 62;+54 9 1150000062
NOMBRE;apellido;Direccion 63;+54 9 1150000063
NOMBRE;apellido;Direccion 64;+54 9 1150000064
NOMBRE;apellido;Direccion 65;+54 9 1150000065
NOMBRE;apellido;Direccion 66;+54 9 1150000066
NOMBRE;apellido;Direccion 67;+54 9 1150000067
NOMBRE;apellido;Direccion 68;+54 9 1150000068
NOMBRE;apellido;Direccion 69;+54 9 1150000069
NOMBRE;apellido;Direccion 70;+54 9 1150000070
NOMBRE;apellido;Direccion 71;+54 9 1150000071
NOMBRE;apellido;Direccion 72;+54 9 1150000072
NOMBRE;apellido;Direccion 73;+54 9 1150000073
NOMBRE;apellido;Direccion 74;+54 9 1150000074
NOMBRE;apellido;Direccion 75;+54 9 1150000075
NOMBRE;apellido;Direccion 76;+54 9 1150000076
NOMBRE;apellido;Direccion 77;+54 9 1150000077
NOMBRE;apellido;Direccion 78;+54 9 1150000078
NOMBRE;apellido;Direccion 79;+54 9 1150000079
NOMBRE;apellido;Direccion 80;+54 9 1150000080
NOMBRE;apellido;Direccion 81;+54 9 1150000081
NOMBRE;apellido;Direccion 82;+54 9 1150000082
NOMBRE;apellido;Direccion 83;+54 9 1150000083
NOMBRE;apellido;Direccion 84;+54 9 1150000084
NOMBRE;apellido;Direccion 85;+54 9 1150000085
NOMBRE;apellido;Direccion 86;+54 9 1150000086
NOMBRE;apellido;Direccion 87;+54 9 1150000087
NOMBRE;apellido;Direccion 88;+54 9 1150000088
NOMBRE;apellido;Direccion 89;+54 9 1150000089
NOMBRE;apellido;Direccion 90;+54 9 1150000090
NOMBRE;apellido;Direccion 91;+54 9 1150000091
NOMBRE;apellido;Direccion 92;+54 9 1150000092
NOMBRE;apellido;Direccion 93;+54 9 1150000093
NOMBRE;apellido;Direccion 94;+54 9 1150000094
NOMBRE;apellido;Direccion 95;+54 9 1150000095
NOMBRE;apellido;Direccion 96;+54 9 1150000096
NOMBRE;apellido;Direccion 97;+54 9 1150000097
NOMBRE;apellido;Direccion 98;+54 9 1150000098
NOMBRE;apellido;Direccion 99;+54 9 1150000099
NOMBRE;apellido;Direccion 100;+54 9 1150000100
NOMBRE;apellido;Direccion 101;+54 9 1150000101
NOMBRE;apellido;Direccion 102;+54 9 1150000102
NOMBRE;apellido;Direccion 103;+54 9 1150000103
NOMBRE;apellido;Direccion 104;+54 9 1150000104
NOMBRE;apellido;Direccion 105;+54 9 1150000105
NOMBRE;apellido;Direccion 106;+54 9 1150000106
NOMBRE;apellido;Direccion 107;+54 9 1150000107
NOMBRE;apellido;Direccion 108;+54 9 1150000108
NOMBRE;apellido;Direccion 109;+54 9 1150000109
NOMBRE;apellido;Direccion 110;+54 9 1150000110
NOMBRE;apellido;Direccion 111;+54 9 1150000111
NOMBRE;apellido;Direccion 112;+54 9 1150000112
NOMBRE;apellido;Direccion 113;+54 9 1150000113
NOMBRE;apellido;Direccion 114;+54 9 1150000114
NOMBRE;apellido;Direccion 115;+54 9 1150000115
NOMBRE;apellido;Direccion 116;+54 9 1150000116
NOMBRE;apellido;Direccion 117;+54 9 1150000117
NOMBRE;apellido;Direccion 118;+54 9 1150000118
NOMBRE;apellido;Direccion 119;+54 9 1150000119
NOMBRE;apellido;Direccion 120;+54 9 1150000120
NOMBRE;apellido;Direccion 121;+54 9 1150000121
NOMBRE;apellido;Direccion 122;+54 9 1150000122
NOMBRE;apellido;Direccion 123;+54 9 1150000123
NOMBRE;apellido;Direccion 124;+54 9 1150000124
NOMBRE;apellido;Direccion 125;+54 9 1150000125
NOMBRE;apellido;Direccion 126;+54 9 1150000126
NOMBRE;apellido;Direccion 127;+54 9 1150000127
NOMBRE;apellido;Direccion 128;+54 9 1150000128
NOMBRE;apellido;Direccion 129;+54 9 1150000129
NOMBRE;apellido;Direccion 130;+54 9 1150000130
NOMBRE;apellido;Direccion 131;+54 9 1150000131
NOMBRE;apellido;Direccion 132;+54 9 1150000132
NOMBRE;apellido;Direccion 133;+54 9 1150000133
NOMBRE;apellido;Direccion 134;+54 9 1150000134
NOMBRE;apellido;Direccion 135;+54 9 1150000135
NOMBRE;apellido;Direccion 136;+54 9 1150000136
NOMBRE;apellido;Direccion 137;+54 9 1150000137
NOMBRE;apellido;Direccion 138;+54 9 1150000138
NOMBRE;apellido;Direccion 139;+54 9 1150000139
NOMBRE;apellido;Direccion 140;+54 9 1150000140
NOMBRE;apellido;Direccion 141;+54 9 1150000141
NOMBRE;apellido;Direccion 142;+54 9 1150000142
NOMBRE;apellido;Direccion 143;+54 9 1150000143
NOMBRE;apellido;Direccion 144;+54 9 1150000144
NOMBRE;apellido;Direccion 145;+54 9 1150000145
NOMBRE;apellido;Direccion 146;+54 9 1150000146
NOMBRE;apellido;Direccion 147;+54 9 1150000147
NOMBRE;apellido;Direccion 148;+54 9 1150000148
NOMBRE;apellido;Direccion 149;+54 9 1150000149
NOMBRE;apellido;Direccion 150;+54 9 1150000150
NOMBRE;apellido;Direccion 151;+54 9 1150000151
NOMBRE;apellido;Direccion 152;+54 9 1150000152
NOMBRE;apellido;Direccion 153;+54 9 1150000153
NOMBRE;apellido;Direccion 154;+54 9 1150000154
NOMBRE;apellido;Direccion 155;+54 9 1150000155
NOMBRE;apellido;Direccion 156;+54 9 1150000156
NOMBRE;apellido;Direccion 157;+54 9 1150000157
NOMBRE;apellido;Direccion 158;+54 9 1150000158
NOMBRE;apellido;Direccion 159;+54 9 1150000159
NOMBRE;apellido;Direccion 160;+54 9 1150000160
NOMBRE;apellido;Direccion 161;+54 9 1150000161
NOMBRE;apellido;Direccion 162;+54 9 1150000162
NOMBRE;apellido;Direccion 163;+54 9 1150000163
NOMBRE;apellido;Direccion 164;+54 9 1150000164
NOMBRE;apellido;Direccion 165;+54 9 1150000165
NOMBRE;apellido;Direccion 166;+54 9 1150000166
NOMBRE;apellido;Direccion 167;+54 9 1150000167
NOMBRE;apellido;Direccion 168;+54 9 1150000168
NOMBRE;apellido;Direccion 169;+54 9 1150000169
NOMBRE;apellido;Direccion 170;+54 9 1150000170
NOMBRE;apellido;Direccion 171;+54 9 1150000171
NOMBRE;apellido;Direccion 172;+54 9 1150000172
NOMBRE;apellido;Direccion 173;+54 9 1150000173
NOMBRE;apellido;Direccion 174;+54 9 1150000174
NOMBRE;apellido;Direccion 175;+54 9 1150000175
NOMBRE;apellido;Direccion 176;+54 9 1150000176
NOMBRE;apellido;Direccion 177;+54 9 1150000177
NOMBRE;apellido;Direccion 178;+54 9 1150000178
NOMBRE;apellido;Direccion 179;+54 9 1150000179
NOMBRE;apellido;Direccion 180;+54 9 1150000180
NOMBRE;apellido;Direccion 181;+54 9 1150000181
NOMBRE;apellido;Direccion 182;+54 9 1150000182
NOMBRE;apellido;Direccion 183;+54 9 1150000183
NOMBRE;apellido;Direccion 184;+54 9 1150000184
NOMBRE;apellido;Direccion 185;+54 9 1150000185
NOMBRE;apellido;Direccion 186;+54 9 1150000186
NOMBRE;apellido;Direccion 187;+54 9 1150000187
NOMBRE;apellido;Direccion 188;+54 9 1150000188
NOMBRE;apellido;Direccion 189;+54 9 1150000189
NOMBRE;apellido;Direccion 190;+54 9 1150000190
NOMBRE;apellido;Direccion 191;+54 9 1150000191
NOMBRE;apellido;Direccion 192;+54 9 1150000192
NOMBRE;apellido;Direccion 193;+54 9 1150000193
NOMBRE;apellido;Direccion 194;+54 9 1150000194
NOMBRE;apellido;Direccion 195;+54 9 1150000195
NOMBRE;apellido;Direccion 196;+54 9 1150000196
NOMBRE;apellido;Direccion 197;+54 9 1150000197
NOMBRE;apellido;Direccion 198;+54 9 1150000198
NOMBRE;apellido;Direccion 199;+54 9 1150000199
NOMBRE;apellido;Direccion 200;+54 9 1150000200
NOMBRE;apellido;Direccion 201;+54 9 1150000201
NOMBRE;apellido;Direccion 202;+54 9 1150000202
NOMBRE;apellido;Direccion 203;+54 9 1150000203
NOMBRE;apellido;Direccion 204;+54 9 1150000204
NOMBRE;apellido;Direccion 205;+54 9 1150000205
NOMBRE;apellido;Direccion 206;+54 9 1150000206
NOMBRE;apellido;Direccion 207;+54 9 1150000207
NOMBRE;apellido;Direccion 208;+54 9 1150000208
NOMBRE;apellido;Direccion 209;+54 9 1150000209
NOMBRE;apellido;Direccion 210;+54 9 1150000210
NOMBRE;apellido;Direccion 211;+54 9 1150000211
NOMBRE;apellido;Direccion 212;+54 9 1150000212
NOMBRE;apellido;Direccion 213;+54 9 1150000213
NOMBRE;apellido;Direccion 214;+54 9 1150000214
NOMBRE;apellido;Direccion 215;+54 9 1150000215
NOMBRE;apellido;Direccion 216;+54 9 1150000216
NOMBRE;apellido;Direccion 217;+54 9 1150000217
NOMBRE;apellido;Direccion 218;+54 9 1150000218
NOMBRE;apellido;Direccion 219;+54 9 1150000219
NOMBRE;apellido;Direccion 220;+54 9 1150000220
NOMBRE;apellido;Direccion 221;+54 9 1150000221
NOMBRE;apellido;Direccion 222;+54 9 1150000222
NOMBRE;apellido;Direccion 223;+54 9 1150000223
NOMBRE;apellido;Direccion 224;+54 9 1150000224
NOMBRE;apellido;Direccion 225;+54 9 1150000225
NOMBRE;apellido;Direccion 226;+54 9 1150000226
NOMBRE;apellido;Direccion 227;+54 9 1150000227
NOMBRE;apellido;Direccion 228;+54 9 1150000228
NOMBRE;apellido;Direccion 229;+54 9 1150000229
NOMBRE;apellido;Direccion 230;+54 9 1150000230
NOMBRE;apellido;Direccion 231;+54 9 1150000231
NOMBRE;apellido;Direccion 232;+54 9 1150000232
NOMBRE;apellido;Direccion 233;+54 9 1150000233
NOMBRE;apellido;Direccion 234;+54 9 1150000234
NOMBRE;apellido;Direccion 235;+54 9 1150000235
NOMBRE;apellido;Direccion 236;+54 9 1150000236
NOMBRE;apellido;Direccion 237;+54 9 1150000237
NOMBRE;apellido;Direccion 238;+54 9 1150000238
NOMBRE;apellido;Direccion 239;+54 9 1150000239
NOMBRE;apellido;Direccion 240;+54 9 1150000240
NOMBRE;apellido;Direccion 241;+54 9 1150000241
NOMBRE;apellido;Direccion 242;+54 9 1150000242
NOMBRE;apellido;Direccion 243;+54 9 1150000243
NOMBRE;apellido;Direccion 244;+54 9 1150000244
NOMBRE;apellido;Direccion 245;+54 9 1150000245
NOMBRE;apellido;Direccion 246;+54 9 1150000246
NOMBRE;apellido;Direccion 247;+54 9 1150000247
NOMBRE;apellido;Direccion 248;+54 9 1150000248
NOMBRE;apellido;Direccion 249;+54 9 1150000249
NOMBRE;apellido;Direccion 250;+54 9 1150000250
NOMBRE;apellido;Direccion 251;+54 9 1150000251
NOMBRE;apellido;Direccion 252;+54 9 1150000252
NOMBRE;apellido;Direccion 253;+54 9 1150000253
NOMBRE;apellido;Direccion 254;+54 9 1150000254
NOMBRE;apellido;Direccion 255;+54 9 1150000255
NOMBRE;apellido;Direccion 256;+54 9 1150000256
NOMBRE;apellido;Direccion 257;+54 9 1150000257
NOMBRE;apellido;Direccion 258;+54 9 1150000258
NOMBRE;apellido;Direccion 259;+54 9 1150000259
NOMBRE;apellido;Direccion 260;+54 9 1150000260
NOMBRE;apellido;Direccion 261;+54 9 1150000261
NOMBRE;apellido;Direccion 262;+54 9 1150000262
NOMBRE;apellido;Direccion 263;+54 9 1150000263
NOMBRE;apellido;Direccion 264;+54 9 1150000264
NOMBRE;apellido;Direccion 265;+54 9 1150000265
NOMBRE;apellido;Direccion 266;+54 9 1150000266
NOMBRE;apellido;Direccion 267;+54 9 1150000267
NOMBRE;apellido;Direccion 268;+54 9 1150000268
NOMBRE;apellido;Direccion 269;+54 9 1150000269
NOMBRE;apellido;Direccion 270;+54 9 1150000270
NOMBRE;apellido;Direccion 271;+54 9 1150000271
NOMBRE;apellido;Direccion 272;+54 9 1150000272
NOMBRE;apellido;Direccion 273;+54 9 1150000273
NOMBRE;apellido;Direccion 274;+54 9 1150000274
NOMBRE;apellido;Direccion 275;+54 9 1150000275
NOMBRE;apellido;Direccion 276;+54 9 1150000276
NOMBRE;apellido;Direccion 277;+54 9 1150000277
NOMBRE;apellido;Direccion 278;+54 9 1150000278
NOMBRE;apellido;Direccion 279;+54 9 1150000279
NOMBRE;apellido;Direccion 280;+54 9 1150000280
NOMBRE;apellido;Direccion 281;+54 9 1150000281
NOMBRE;apellido;Direccion 282;+54 9 1150000282
NOMBRE;apellido;Direccion 283;+54 9 1150000283
NOMBRE;apellido;Direccion 284;+54 9 1150000284
NOMBRE;apellido;Direccion 285;+54 9 1150000285
NOMBRE;apellido;Direccion 286;+54 9 1150000286
NOMBRE;apellido;Direccion 287;+54 9 1150000287
NOMBRE;apellido;Direccion 288;+54 9 1150000288
NOMBRE;apellido;Direccion 289;+54 9 1150000289
NOMBRE;apellido;Direccion 290;+54 9 1150000290
NOMBRE;apellido;Direccion 291;+54 9 1150000291
NOMBRE;apellido;Direccion 292;+54 9 1150000292
NOMBRE;apellido;Direccion 293;+54 9 1150000293
NOMBRE;apellido;Direccion 294;+54 9 1150000294
NOMBRE;apellido;Direccion 295;+54 9 1150000295
NOMBRE;apellido;Direccion 296;+54 9 1150000296
NOMBRE;apellido;Direccion 297;+54 9 1150000297
NOMBRE;apellido;Direccion 298;+54 9 1150000298
NOMBRE;apellido;Direccion 299;+54 9 1150000299
NOMBRE;apellido;Direccion 300;+54 9 1150000300
NOMBRE;apellido;Direccion 301;+54 9 1150000301
NOMBRE;apellido;Direccion 302;+54 9 1150000302
NOMBRE;apellido;Direccion 303;+54 9 1150000303
NOMBRE;apellido;Direccion 304;+54 9 1150000304
NOMBRE;apellido;Direccion 305;+54 9 1150000305
NOMBRE;apellido;Direccion 306;+54 9 1150000306
NOMBRE;apellido;Direccion 307;+54 9 1150000307
NOMBRE;apellido;Direccion 308;+54 9 1150000308
NOMBRE;apellido;Direccion 309;+54 9 1150000309
NOMBRE;apellido;Direccion 310;+54 9 1150000310
NOMBRE;apellido;Direccion 311;+54 9 1150000311
NOMBRE;apellido;Direccion 312;+54 9 1150000312
NOMBRE;apellido;Direccion 313;+54 9 1150000313
NOMBRE;apellido;Direccion 314;+54 9 1150000314
NOMBRE;apellido;Direccion 315;+54 9 1150000315
NOMBRE;apellido;Direccion 316;+54 9 1150000316
NOMBRE;apellido;Direccion 317;+54 9 1150000317
NOMBRE;apellido;Direccion 318;+54 9 1150000318
NOMBRE;apellido;Direccion 319;+54 9 1150000319
NOMBRE;apellido;Direccion 320;+54 9 1150000320
NOMBRE;apellido;Direccion 321;+54 9 1150000321
NOMBRE;apellido;Direccion 322;+54 9 1150000322
NOMBRE;apellido;Direccion 323;+54 9 1150000323
NOMBRE;apellido;Direccion 324;+54 9 1150000324
NOMBRE;apellido;Direccion 325;+54 9 1150000325
NOMBRE;apellido;Direccion 326;+54 9 1150000326
NOMBRE;apellido;Direccion 327;+54 9 1150000327
NOMBRE;apellido;Direccion 328;+54 9 1150000328
NOMBRE;apellido;Direccion 329;+54 9 1150000329
NOMBRE;apellido;Direccion 330;+54 9 1150000330
NOMBRE;apellido;Direccion 331;+54 9 1150000331
NOMBRE;apellido;Direccion 332;+54 9 1150000332
NOMBRE;apellido;Direccion 333;+54 9 1150000333
NOMBRE;apellido;Direccion 334;+54 9 1150000334
NOMBRE;apellido;Direccion 335;+54 9 1150000335
NOMBRE;apellido;Direccion 336;+54 9 1150000336
NOMBRE;apellido;Direccion 337;+54 9 1150000337
NOMBRE;apellido;Direccion 338;+54 9 1150000338
NOMBRE;apellido;Direccion 339;+54 9 1150000339
NOMBRE;apellido;Direccion 340;+54 9 1150000340
NOMBRE;apellido;Direccion 341;+54 9 1150000341
NOMBRE;apellido;Direccion 342;+54 9 1150000342
NOMBRE;apellido;Direccion 343;+54 9 1150000343
NOMBRE;apellido;Direccion 344;+54 9 1150000344
NOMBRE;apellido;Direccion 345;+54 9 1150000345
NOMBRE;apellido;Direccion 346;+54 9 1150000346
NOMBRE;apellido;Direccion 347;+54 9 1150000347
NOMBRE;apellido;Direccion 348;+54 9 1150000348
NOMBRE;apellido;Direccion 349;+54 9 1150000349
NOMBRE;apellido;Direccion 350;+54 9 1150000350
NOMBRE;apellido;Direccion 351;+54 9 1150000351
NOMBRE;apellido;Direccion 352;+54 9 1150000352
NOMBRE;apellido;Direccion 353;+54 9 1150000353
NOMBRE;apellido;Direccion 354;+54 9 1150000354
NOMBRE;apellido;Direccion 355;+54 9 1150000355
NOMBRE;apellido;Direccion 356;+54 9 1150000356
NOMBRE;apellido;Direccion 357;+54 9 1150000357
NOMBRE;apellido;Direccion 358;+54 9 1150000358
NOMBRE;apellido;Direccion 359;+54 9 1150000359
NOMBRE;apellido;Direccion 360;+54 9 1150000360
NOMBRE;apellido;Direccion 361;+54 9 1150000361
NOMBRE;apellido;Direccion 362;+54 9 1150000362
NOMBRE;apellido;Direccion 363;+54 9 1150000363
NOMBRE;apellido;Direccion 364;+54 9 1150000364
NOMBRE;apellido;Direccion 365;+54 9 1150000365
NOMBRE;apellido;Direccion 366;+54 9 1150000366
NOMBRE;apellido;Direccion 367;+54 9 1150000367
NOMBRE;apellido;Direccion 368;+54 9 1150000368
NOMBRE;apellido;Direccion 369;+54 9 1150000369
NOMBRE;apellido;Direccion 370;+54 9 1150000370
NOMBRE;apellido;Direccion 371;+54 9 1150000371
NOMBRE;apellido;Direccion 372;+54 9 1150000372
NOMBRE;apellido;Direccion 373;+54 9 1150000373
NOMBRE;apellido;Direccion 374;+54 9 1150000374
NOMBRE;apellido;Direccion 375;+54 9 1150000375
NOMBRE;apellido;Direccion 376;+54 9 1150000376
NOMBRE;apellido;Direccion 377;+54 9 1150000377
NOMBRE;apellido;Direccion 378;+54 9 1150000378
NOMBRE;apellido;Direccion 379;+54 9 1150000379
NOMBRE;apellido;Direccion 380;+54 9 1150000380
NOMBRE;apellido;Direccion 381;+54 9 1150000381
NOMBRE;apellido;Direccion 382;+54 9 1150000382
NOMBRE;apellido;Direccion 383;+54 9 1150000383
NOMBRE;apellido;Direccion 384;+54 9 1150000384
NOMBRE;apellido;Direccion 385;+54 9 1150000385
NOMBRE;apellido;Direccion 386;+54 9 1150000386
NOMBRE;apellido;Direccion 387;+54 9 1150000387
NOMBRE;apellido;Direccion 388;+54 9 1150000388
NOMBRE;apellido;Direccion 389;+54 9 1150000389
NOMBRE;apellido;Direccion 390;+54 9 1150000390
NOMBRE;apellido;Direccion 391;+54 9 1150000391
NOMBRE;apellido;Direccion 392;+54 9 1150000392
NOMBRE;apellido;Direccion 393;+54 9 1150000393
NOMBRE;apellido;Direccion 394;+54 9 1150000394
NOMBRE;apellido;Direccion 395;+54 9 1150000395
NOMBRE;apellido;Direccion 396;+54 9 1150000396
NOMBRE;apellido;Direccion 397;+54 9 1150000397
NOMBRE;apellido;Direccion 398;+54 9 1150000398
NOMBRE;apellido;Direccion 399;+54 9 1150000399
NOMBRE;apellido;Direccion 400;+54 9 1150000400
NOMBRE;apellido;Direccion 401;+54 9 1150000401
NOMBRE;apellido;Direccion 402;+54 9 1150000402
NOMBRE;apellido;Direccion 403;+54 9 1150000403
NOMBRE;apellido;Direccion 404;+54 9 1150000404
NOMBRE;apellido;Direccion 405;+54 9 1150000405
NOMBRE;apellido;Direccion 406;+54 9 1150000406
NOMBRE;apellido;Direccion 407;+54 9 1150000407
NOMBRE;apellido;Direccion 408;+54 9 1150000408
NOMBRE;apellido;Direccion 409;+54 9 1150000409
NOMBRE;apellido;Direccion 410;+54 9 1150000410
NOMBRE;apellido;Direccion 411;+54 9 1150000411
NOMBRE;apellido;Direccion 412;+54 9 1150000412
NOMBRE;apellido;Direccion 413;+54 9 1150000413
NOMBRE;apellido;Direccion 414;+54 9 1150000414
NOMBRE;apellido;Direccion 415;+54 9 1150000415
NOMBRE;apellido;Direccion 416;+54 9 1150000416
NOMBRE;apellido;Direccion 417;+54 9 1150000417
NOMBRE;apellido;Direccion 418;+54 9 1150000418
NOMBRE;apellido;Direccion 419;+54 9 1150000419
NOMBRE;apellido;Direccion 420;+54 9 1150000420
NOMBRE;apellido;Direccion 421;+54 9 1150000421
NOMBRE;apellido;Direccion 422;+54 9 1150000422
NOMBRE;apellido;Direccion 423;+54 9 1150000423
NOMBRE;apellido;Direccion 424;+54 9 1150000424
NOMBRE;apellido;Direccion 425;+54 9 1150000425
NOMBRE;apellido;Direccion 426;+54 9 1150000426
NOMBRE;apellido;Direccion 427;+54 9 1150000427
NOMBRE;apellido;Direccion 428;+54 9 1150000428
NOMBRE;apellido;Direccion 429;+54 9 1150000429
NOMBRE;apellido;Direccion 430;+54 9 1150000430
NOMBRE;apellido;Direccion 431;+54 9 1150000431
NOMBRE;apellido;Direccion 432;+54 9 1150000432
NOMBRE;apellido;Direccion 433;+54 9 1150000433
NOMBRE;apellido;Direccion 434;+54 9 1150000434
NOMBRE;apellido;Direccion 435;+54 9 1150000435
NOMBRE;apellido;Direccion 436;+54 9 1150000436
NOMBRE;apellido;Direccion 437;+54 9 1150000437
NOMBRE;apellido;Direccion 438;+54 9 1150000438
NOMBRE;apellido;Direccion 439;+54 9 1150000439
NOMBRE;apellido;Direccion 440;+54 9 1150000440
NOMBRE;apellido;Direccion 441;+54 9 1150000441
NOMBRE;apellido;Direccion 442;+54 9 1150000442
NOMBRE;apellido;Direccion 443;+54 9 1150000443
NOMBRE;apellido;Direccion 444;+54 9 1150000444
NOMBRE;apellido;Direccion 445;+54 9 1150000445
NOMBRE;apellido;Direccion 446;+54 9 1150000446
NOMBRE;apellido;Direccion 447;+54 9 1150000447
NOMBRE;apellido;Direccion 448;+54 9 1150000448
NOMBRE;apellido;Direccion 449;+54 9 1150000449
NOMBRE;apellido;Direccion 450;+54 9 1150000450
NOMBRE;apellido;Direccion 451;+54 9 1150000451
NOMBRE;apellido;Direccion 452;+54 9 1150000452
NOMBRE;apellido;Direccion 453;+54 9 1150000453
NOMBRE;apellido;Direccion 454;+54 9 1150000454
NOMBRE;apellido;Direccion 455;+54 9 1150000455
NOMBRE;apellido;Direccion 456;+54 9 1150000456
NOMBRE;apellido;Direccion 457;+54 9 1150000457
NOMBRE;apellido;Direccion 458;+54 9 1150000458
NOMBRE;apellido;Direccion 459;+54 9 1150000459
NOMBRE;apellido;Direccion 460;+54 9 1150000460
NOMBRE;apellido;Direccion 461;+54 9 1150000461
NOMBRE;apellido;Direccion 462;+54 9 1150000462
NOMBRE;apellido;Direccion 463;+54 9 1150000463
NOMBRE;apellido;Direccion 464;+54 9 1150000464
NOMBRE;apellido;Direccion 465;+54 9 1150000465
NOMBRE;apellido;Direccion 466;+54 9 1150000466
NOMBRE;apellido;Direccion 467;+54 9 1150000467
NOMBRE;apellido;Direccion 468;+54 9 1150000468
NOMBRE;apellido;Direccion 469;+54 9 1150000469
NOMBRE;apellido;Direccion 470;+54 9 1150000470
NOMBRE;apellido;Direccion 471;+54 9 1150000471
NOMBRE;apellido;Direccion 472;+54 9 1150000472
NOMBRE;apellido;Direccion 473;+54 9 1150000473
NOMBRE;apellido;Direccion 474;+54 9 1150000474
NOMBRE;apellido;Direccion 475;+54 9 1150000475
NOMBRE;apellido;Direccion 476;+54 9 1150000476
NOMBRE;apellido;Direccion 477;+54 9 1150000477
NOMBRE;apellido;Direccion 478;+54 9 1150000478
NOMBRE;apellido;Direccion 479;+54 9 1150000479
NOMBRE;apellido;Direccion 480;+54 9 1150000480
NOMBRE;apellido;Direccion 481;+54 9 1150000481
NOMBRE;apellido;Direccion 482;+54 9 1150000482
NOMBRE;apellido;Direccion 483;+54 9 1150000483
NOMBRE;apellido;Direccion 484;+54 9 1150000484
NOMBRE;apellido;Direccion 485;+54 9 1150000485
NOMBRE;apellido;Direccion 486;+54 9 1150000486
NOMBRE;apellido;Direccion 487;+54 9 1150000487
NOMBRE;apellido;Direccion 488;+54 9 1150000488
NOMBRE;apellido;Direccion 489;+54 9 1150000489
NOMBRE;apellido;Direccion 490;+54 9 1150000490
NOMBRE;apellido;Direccion 491;+54 9 1150000491
NOMBRE;apellido;Direccion 492;+54 9 1150000492
NOMBRE;apellido;Direccion 493;+54 9 1150000493
NOMBRE;apellido;Direccion 494;+54 9 1150000494
NOMBRE;apellido;Direccion 495;+54 9 1150000495
NOMBRE;apellido;Direccion 496;+54 9 1150000496
NOMBRE;apellido;Direccion 497;+54 9 1150000497
NOMBRE;apellido;Direccion 498;+54 9 1150000498
NOMBRE;apellido;Direccion 499;+54 9 1150000499
NOMBRE;apellido;Direccion 500;+54 9 1150000500
NOMBRE;apellido;Direccion 501;+54 9 1150000501
NOMBRE;apellido;Direccion 502;+54 9 1150000502
NOMBRE;apellido;Direccion 503;+54 9 1150000503
NOMBRE;apellido;Direccion 504;+54 9 1150000504
NOMBRE;apellido;Direccion 505;+54 9 1150000505
NOMBRE;apellido;Direccion 506;+54 9 1150000506
NOMBRE;apellido;Direccion 507;+54 9 1150000507
NOMBRE;apellido;Direccion 508;+54 9 1150000508
NOMBRE;apellido;Direccion 509;+54 9 1150000509
NOMBRE;apellido;Direccion 510;+54 9 1150000510
NOMBRE;apellido;Direccion 511;+54 9 1150000511
NOMBRE;apellido;Direccion 512;+54 9 1150000512
NOMBRE;apellido;Direccion 513;+54 9 1150000513
NOMBRE;apellido;Direccion 514;+54 9 1150000514
NOMBRE;apellido;Direccion 515;+54 9 1150000515
NOMBRE;apellido;Direccion 516;+54 9 1150000516
NOMBRE;apellido;Direccion 517;+54 9 1150000517
NOMBRE;apellido;Direccion 518;+54 9 1150000518
NOMBRE;apellido;Direccion 519;+54 9 1150000519
NOMBRE;apellido;Direccion 520;+54 9 1150000520
NOMBRE;apellido;Direccion 521;+54 9 1150000521
NOMBRE;apellido;Direccion 522;+54 9 1150000522
NOMBRE;apellido;Direccion 523;+54 9 1150000523
NOMBRE;apellido;Direccion 524;+54 9 1150000524
NOMBRE;apellido;Direccion 525;+54 9 1150000525
NOMBRE;apellido;Direccion 526;+54 9 1150000526
NOMBRE;apellido;Direccion 527;+54 9 1150000527
NOMBRE;apellido;Direccion 528;+54 9 1150000528
NOMBRE;apellido;Direccion 529;+54 9 1150000529
NOMBRE;apellido;Direccion 530;+54 9 1150000530
NOMBRE;apellido;Direccion 531;+54 9 1150000531
NOMBRE;apellido;Direccion 532;+54 9 1150000532
NOMBRE;apellido;Direccion 533;+54 9 1150000533
NOMBRE;apellido;Direccion 534;+54 9 1150000534
NOMBRE;apellido;Direccion 535;+54 9 1150000535
NOMBRE;apellido;Direccion 536;+54 9 1150000536
NOMBRE;apellido;Direccion 537;+54 9 1150000537
NOMBRE;apellido;Direccion 538;+54 9 1150000538
NOMBRE;apellido;Direccion 539;+54 9 1150000539
NOMBRE;apellido;Direccion 540;+54 9 1150000540
NOMBRE;apellido;Direccion 541;+54 9 1150000541
NOMBRE;apellido;Direccion 542;+54 9 1150000542
NOMBRE;apellido;Direccion 543;+54 9 1150000543
NOMBRE;apellido;Direccion 544;+54 9 1150000544
NOMBRE;apellido;Direccion 545;+54 9 1150000545
NOMBRE;apellido;Direccion 546;+54 9 1150000546
NOMBRE;apellido;Direccion 547;+54 9 1150000547
NOMBRE;apellido;Direccion 548;+54 9 1150000548
NOMBRE;apellido;Direccion 549;+54 9 1150000549
NOMBRE;apellido;Direccion 550;+54 9 1150000550
NOMBRE;apellido;Direccion 551;+54 9 1150000551
NOMBRE;apellido;Direccion 552;+54 9 1150000552
NOMBRE;apellido;Direccion 553;+54 9 1150000553
NOMBRE;apellido;Direccion 554;+54 9 1150000554
NOMBRE;apellido;Direccion 555;+54 9 1150000555
NOMBRE;apellido;Direccion 556;+54 9 1150000556
NOMBRE;apellido;Direccion 557;+54 9 1150000557
NOMBRE;apellido;Direccion 558;+54 9 1150000558
NOMBRE;apellido;Direccion 559;+54 9 1150000559
NOMBRE;apellido;Direccion 560;+54 9 1150000560
NOMBRE;apellido;Direccion 561;+54 9 1150000561
NOMBRE;apellido;Direccion 562;+54 9 1150000562
NOMBRE;apellido;Direccion 563;+54 9 1150000563
NOMBRE;apellido;Direccion 564;+54 9 1150000564
NOMBRE;apellido;Direccion 565;+54 9 1150000565
NOMBRE;apellido;Direccion 566;+54 9 1150000566
NOMBRE;apellido;Direccion 567;+54 9 1150000567
NOMBRE;apellido;Direccion 568;+54 9 1150000568
NOMBRE;apellido;Direccion 569;+54 9 1150000569
NOMBRE;apellido;Direccion 570;+54 9 1150000570
NOMBRE;apellido;Direccion 571;+54 9 1150000571
NOMBRE;apellido;Direccion 572;+54 9 1150000572
NOMBRE;apellido;Direccion 573;+54 9 1150000573
NOMBRE;apellido;Direccion 574;+54 9 1150000574
NOMBRE;apellido;Direccion 575;+54 9 1150000575
NOMBRE;apellido;Direccion 576;+54 9 1150000576
NOMBRE;apellido;Direccion 577;+54 9 1150000577
NOMBRE;apellido;Direccion 578;+54 9 1150000578
NOMBRE;apellido;Direccion 579;+54 9 1150000579
NOMBRE;apellido;Direccion 580;+54 9 1150000580
NOMBRE;apellido;Direccion 581;+54 9 1150000581
NOMBRE;apellido;Direccion 582;+54 9 1150000582
NOMBRE;apellido;Direccion 583;+54 9 1150000583
NOMBRE;apellido;Direccion 584;+54 9 1150000584
NOMBRE;apellido;Direccion 585;+54 9 1150000585
NOMBRE;apellido;Direccion 586;+54 9 1150000586
NOMBRE;apellido;Direccion 587;+54 9 1150000587
NOMBRE;apellido;Direccion 588;+54 9 1150000588
NOMBRE;apellido;Direccion 589;+54 9 1150000589
NOMBRE;apellido;Direccion 590;+54 9 1150000590
NOMBRE;apellido;Direccion 591;+54 9 1150000591
NOMBRE;apellido;Direccion 592;+54 9 1150000592
NOMBRE;apellido;Direccion 593;+54 9 1150000593
NOMBRE;apellido;Direccion 594;+54 9 1150000594
NOMBRE;apellido;Direccion 595;+54 9 1150000595
NOMBRE;apellido;Direccion 596;+54 9 1150000596
NOMBRE;apellido;Direccion 597;+54 9 1150000597
NOMBRE;apellido;Direccion 598;+54 9 1150000598
NOMBRE;apellido;Direccion 599;+54 9 1150000599
NOMBRE;apellido;Direccion 600;+54 9 1150000600
NOMBRE;apellido;Direccion 601;+54 9 1150000601
NOMBRE;apellido;Direccion 602;+54 9 1150000602
NOMBRE;apellido;Direccion 603;+54 9 1150000603
NOMBRE;apellido;Direccion 604;+54 9 1150000604
NOMBRE;apellido;Direccion 605;+54 9 1150000605
NOMBRE;apellido;Direccion 606;+54 9 1150000606
NOMBRE;apellido;Direccion 607;+54 9 1150000607
NOMBRE;apellido;Direccion 608;+54 9 1150000608
NOMBRE;apellido;Direccion 609;+54 9 1150000609
NOMBRE;apellido;Direccion 610;+54 9 1150000610
NOMBRE;apellido;Direccion 611;+54 9 1150000611
NOMBRE;apellido;Direccion 612;+54 9 1150000612
NOMBRE;apellido;Direccion 613;+54 9 1150000613
NOMBRE;apellido;Direccion 614;+54 9 1150000614
NOMBRE;apellido;Direccion 615;+54 9 1150000615
NOMBRE;apellido;Direccion 616;+54 9 1150000616
NOMBRE;apellido;Direccion 617;+54 9 1150000617
NOMBRE;apellido;Direccion 618;+54 9 1150000618
NOMBRE;apellido;Direccion 619;+54 9 1150000619
NOMBRE;apellido;Direccion 620;+54 9 1150000620
NOMBRE;apellido;Direccion 621;+54 9 1150000621
NOMBRE;apellido;Direccion 622;+54 9 1150000622
NOMBRE;apellido;Direccion 623;+54 9 1150000623
NOMBRE;apellido;Direccion 624;+54 9 1150000624
NOMBRE;apellido;Direccion 625;+54 9 1150000625
NOMBRE;apellido;Direccion 626;+54 9 1150000626
NOMBRE;apellido;Direccion 627;+54 9 1150000627
NOMBRE;apellido;Direccion 628;+54 9 1150000628
NOMBRE;apellido;Direccion 629;+54 9 1150000629
NOMBRE;apellido;Direccion 630;+54 9 1150000630
NOMBRE;apellido;Direccion 631;+54 9 1150000631
NOMBRE;apellido;Direccion 632;+54 9 1150000632
NOMBRE;apellido;Direccion 633;+54 9 1150000633
NOMBRE;apellido;Direccion 634;+54 9 1150000634
NOMBRE;apellido;Direccion 635;+54 9 1150000635
NOMBRE;apellido;Direccion 636;+54 9 1150000636
NOMBRE;apellido;Direccion 637;+54 9 1150000637
NOMBRE;apellido;Direccion 638;+54 9 1150000638
NOMBRE;apellido;Direccion 639;+54 9 1150000639
NOMBRE;apellido;Direccion 640;+54 9 1150000640
NOMBRE;apellido;Direccion 641;+54 9 1150000641
NOMBRE;apellido;Direccion 642;+54 9 1150000642
NOMBRE;apellido;Direccion 643;+54 9 1150000643
NOMBRE;apellido;Direccion 644;+54 9 1150000644
NOMBRE;apellido;Direccion 645;+54 9 1150000645
NOMBRE;apellido;Direccion 646;+54 9 1150000646
NOMBRE;apellido;Direccion 647;+54 9 1150000647
NOMBRE;apellido;Direccion 648;+54 9 1150000648
NOMBRE;apellido;Direccion 649;+54 9 1150000649
NOMBRE;apellido;Direccion 650;+54 9 1150000650
NOMBRE;apellido;Direccion 651;+54 9 1150000651
NOMBRE;apellido;Direccion 652;+54 9 1150000652
NOMBRE;apellido;Direccion 653;+54 9 1150000653
NOMBRE;apellido;Direccion 654;+54 9 1150000654
NOMBRE;apellido;Direccion 655;+54 9 1150000655
NOMBRE;apellido;Direccion 656;+54 9 1150000656
NOMBRE;apellido;Direccion 657;+54 9 1150000657
NOMBRE;apellido;Direccion 658;+54 9 1150000658
NOMBRE;apellido;Direccion 659;+54 9 1150000659
NOMBRE;apellido;Direccion 660;+54 9 1150000660
NOMBRE;apellido;Direccion 661;+54 9 1150000661
NOMBRE;apellido;Direccion 662;+54 9 1150000662
NOMBRE;apellido;Direccion 663;+54 9 1150000663
NOMBRE;apellido;Direccion 664;+54 9 1150000664
NOMBRE;apellido;Direccion 665;+54 9 1150000665
NOMBRE;apellido;Direccion 666;+54 9 1150000666
NOMBRE;apellido;Direccion 667;+54 9 1150000667
NOMBRE;apellido;Direccion 668;+54 9 1150000668
NOMBRE;apellido;Direccion 669;+54 9 1150000669
NOMBRE;apellido;Direccion 670;+54 9 1150000670
NOMBRE;apellido;Direccion 671;+54 9 1150000671
NOMBRE;apellido;Direccion 672;+54 9 1150000672
NOMBRE;apellido;Direccion 673;+54 9 1150000673
NOMBRE;apellido;Direccion 674;+54 9 1150000674
NOMBRE;apellido;Direccion 675;+54 9 1150000675
NOMBRE;apellido;Direccion 676;+54 9 1150000676
NOMBRE;apellido;Direccion 677;+54 9 1150000677
NOMBRE;apellido;Direccion 678;+54 9 1150000678
NOMBRE;apellido;Direccion 679;+54 9 1150000679
NOMBRE;apellido;Direccion 680;+54 9 1150000680
NOMBRE;apellido;Direccion 681;+54 9 1150000681
NOMBRE;apellido;Direccion 682;+54 9 1150000682
NOMBRE;apellido;Direccion 683;+54 9 1150000683
NOMBRE;apellido;Direccion 684;+54 9 1150000684
NOMBRE;apellido;Direccion 685;+54 9 1150000685
NOMBRE;apellido;Direccion 686;+54 9 1150000686
NOMBRE;apellido;Direccion 687;+54 9 1150000687
NOMBRE;apellido;Direccion 688;+54 9 1150000688
NOMBRE;apellido;Direccion 689;+54 9 1150000689
NOMBRE;apellido;Direccion 690;+54 9 1150000690
NOMBRE;apellido;Direccion 691;+54 9 1150000691
NOMBRE;apellido;Direccion 692;+54 9 1150000692
NOMBRE;apellido;Direccion 693;+54 9 1150000693
NOMBRE;apellido;Direccion 694;+54 9 1150000694
NOMBRE;apellido;Direccion 695;+54 9 1150000695
NOMBRE;apellido;Direccion 696;+54 9 1150000696
NOMBRE;apellido;Direccion 697;+54 9 1150000697
NOMBRE;apellido;Direccion 698;+54 9 1150000698
NOMBRE;apellido;Direccion 699;+54 9 1150000699
NOMBRE;apellido;Direccion 700;+54 9 1150000700
NOMBRE;apellido;Direccion 701;+54 9 1150000701
NOMBRE;apellido;Direccion 702;+54 9 1150000702
NOMBRE;apellido;Direccion 703;+54 9 1150000703
NOMBRE;apellido;Direccion 704;+54 9 1150000704
NOMBRE;apellido;Direccion 705;+54 9 1150000705
NOMBRE;apellido;Direccion 706;+54 9 1150000706
NOMBRE;apellido;Direccion 707;+54 9 1150000707
NOMBRE;apellido;Direccion 708;+54 9 1150000708
NOMBRE;apellido;Direccion 709;+54 9 1150000709
NOMBRE;apellido;Direccion 710;+54 9 1150000710
NOMBRE;apellido;Direccion 711;+54 9 1150000711
NOMBRE;apellido;Direccion 712;+54 9 1150000712
NOMBRE;apellido;Direccion 713;+54 9 1150000713
NOMBRE;apellido;Direccion 714;+54 9 1150000714
NOMBRE;apellido;Direccion 715;+54 9 1150000715
NOMBRE;apellido;Direccion 716;+54 9 1150000716
NOMBRE;apellido;Direccion 717;+54 9 1150000717
NOMBRE;apellido;Direccion 718;+54 9 1150000718
NOMBRE;apellido;Direccion 719;+54 9 1150000719
NOMBRE;apellido;Direccion 720;+54 9 1150000720
NOMBRE;apellido;Direccion 721;+54 9 1150000721
NOMBRE;apellido;Direccion 722;+54 9 1150000722
NOMBRE;apellido;Direccion 723;+54 9 1150000723
NOMBRE;apellido;Direccion 724;+54 9 1150000724
NOMBRE;apellido;Direccion 725;+54 9 1150000725
NOMBRE;apellido;Direccion 726;+54 9 1150000726
NOMBRE;apellido;Direccion 727;+54 9 1150000727
NOMBRE;apellido;Direccion 728;+54 9 1150000728
NOMBRE;apellido;Direccion 729;+54 9 1150000729
NOMBRE;apellido;Direccion 730;+54 9 1150000730
NOMBRE;apellido;Direccion 731;+54 9 1150000731
NOMBRE;apellido;Direccion 732;+54 9 1150000732
NOMBRE;apellido;Direccion 733;+54 9 1150000733
NOMBRE;apellido;Direccion 734;+54 9 1150000734
NOMBRE;apellido;Direccion 735;+54 9 1150000735
NOMBRE;apellido;Direccion 736;+54 9 1150000736
NOMBRE;apellido;Direccion 737;+54 9 1150000737
NOMBRE;apellido;Direccion 738;+54 9 1150000738
NOMBRE;apellido;Direccion 739;+54 9 1150000739
NOMBRE;apellido;Direccion 740;+54 9 1150000740
NOMBRE;apellido;Direccion 741;+54 9 1150000741
NOMBRE;apellido;Direccion 742;+54 9 1150000742
NOMBRE;apellido;Direccion 743;+54 9 1150000743
NOMBRE;apellido;Direccion 744;+54 9 1150000744
NOMBRE;apellido;Direccion 745;+54 9 1150000745
NOMBRE;apellido;Direccion 746;+54 9 1150000746
NOMBRE;apellido;Direccion 747;+54 9 1150000747
NOMBRE;apellido;Direccion 748;+54 9 1150000748
NOMBRE;apellido;Direccion 749;+54 9 1150000749
NOMBRE;apellido;Direccion 750;+54 9 1150000750
NOMBRE;apellido;Direccion 751;+54 9 1150000751
NOMBRE;apellido;Direccion 752;+54 9 1150000752
NOMBRE;apellido;Direccion 753;+54 9 1150000753
NOMBRE;apellido;Direccion 754;+54 9 1150000754
NOMBRE;apellido;Direccion 755;+54 9 1150000755
NOMBRE;apellido;Direccion 756;+54 9 1150000756
NOMBRE;apellido;Direccion 757;+54 9 1150000757
NOMBRE;apellido;Direccion 758;+54 9 1150000758
NOMBRE;apellido;Direccion 759;+54 9 1150000759
NOMBRE;apellido;Direccion 760;+54 9 1150000760
NOMBRE;apellido;Direccion 761;+54 9 1150000761
NOMBRE;apellido;Direccion 762;+54 9 1150000762
NOMBRE;apellido;Direccion 763;+54 9 1150000763
NOMBRE;apellido;Direccion 764;+54 9 1150000764
NOMBRE;apellido;Direccion 765;+54 9 1150000765
NOMBRE;apellido;Direccion 766;+54 9 1150000766
NOMBRE;apellido;Direccion 767;+54 9 1150000767
NOMBRE;apellido;Direccion 768;+54 9 1150000768
NOMBRE;apellido;Direccion 769;+54 9 1150000769
NOMBRE;apellido;Direccion 770;+54 9 1150000770
NOMBRE;apellido;Direccion 771;+54 9 1150000771
NOMBRE;apellido;Direccion 772;+54 9 1150000772
NOMBRE;apellido;Direccion 773;+54 9 1150000773
NOMBRE;apellido;Direccion 774;+54 9 1150000774
NOMBRE;apellido;Direccion 775;+54 9 1150000775
NOMBRE;apellido;Direccion 776;+54 9 1150000776
NOMBRE;apellido;Direccion 777;+54 9 1150000777
NOMBRE;apellido;Direccion 778;+54 9 1150000778
NOMBRE;apellido;Direccion 779;+54 9 1150000779
NOMBRE;apellido;Direccion 780;+54 9 1150000780
NOMBRE;apellido;Direccion 781;+54 9 1150000781
NOMBRE;apellido;Direccion 782;+54 9 1150000782
NOMBRE;apellido;Direccion 783;+54 9 1150000783
NOMBRE;apellido;Direccion 784;+54 9 1150000784
NOMBRE;apellido;Direccion 785;+54 9 1150000785
NOMBRE;apellido;Direccion 786;+54 9 1150000786
NOMBRE;apellido;Direccion 787;+54 9 1150000787
NOMBRE;apellido;Direccion 788;+54 9 1150000788
NOMBRE;apellido;Direccion 789;+54 9 1150000789
NOMBRE;apellido;Direccion 790;+54 9 1150000790
NOMBRE;apellido;Direccion 791;+54 9 1150000791
NOMBRE;apellido;Direccion 792;+54 9 1150000792
NOMBRE;apellido;Direccion 793;+54 9 1150000793
NOMBRE;apellido;Direccion 794;+54 9 1150000794
NOMBRE;apellido;Direccion 795;+54 9 1150000795
NOMBRE;apellido;Direccion 796;+54 9 1150000796
NOMBRE;apellido;Direccion 797;+54 9 1150000797
NOMBRE;apellido;Direccion 798;+54 9 1150000798
NOMBRE;apellido;Direccion 799;+54 9 1150000799
NOMBRE;apellido;Direccion 800;+54 9 1150000800
NOMBRE;apellido;Direccion 801;+54 9 1150000801
NOMBRE;apellido;Direccion 802;+54 9 1150000802
NOMBRE;apellido;Direccion 803;+54 9 1150000803
NOMBRE;apellido;Direccion 804;+54 9 1150000804
NOMBRE;apellido;Direccion 805;+54 9 1150000805
NOMBRE;apellido;Direccion 806;+54 9 1150000806
NOMBRE;apellido;Direccion 807;+54 9 1150000807
NOMBRE;apellido;Direccion 808;+54 9 1150000808
NOMBRE;apellido;Direccion 809;+54 9 1150000809
NOMBRE;apellido;Direccion 810;+54 9 1150000810
NOMBRE;apellido;Direccion 811;+54 9 1150000811
NOMBRE;apellido;Direccion 812;+54 9 1150000812
NOMBRE;apellido;Direccion 813;+54 9 1150000813
NOMBRE;apellido;Direccion 814;+54 9 1150000814
NOMBRE;apellido;Direccion 815;+54 9 1150000815
NOMBRE;apellido;Direccion 816;+54 9 1150000816
NOMBRE;apellido;Direccion 817;+54 9 1150000817
NOMBRE;apellido;Direccion 818;+54 9 1150000818
NOMBRE;apellido;Direccion 819;+54 9 1150000819
NOMBRE;apellido;Direccion 820;+54 9 1150000820
NOMBRE;apellido;Direccion 821;+54 9 1150000821
NOMBRE;apellido;Direccion 822;+54 9 1150000822
NOMBRE;apellido;Direccion 823;+54 9 1150000823
NOMBRE;apellido;Direccion 824;+54 9 1150000824
NOMBRE;apellido;Direccion 825;+54 9 1150000825
NOMBRE;apellido;Direccion 826;+54 9 1150000826
NOMBRE;apellido;Direccion 827;+54 9 1150000827
NOMBRE;apellido;Direccion 828;+54 9 1150000828
NOMBRE;apellido;Direccion 829;+54 9 1150000829
NOMBRE;apellido;Direccion 830;+54 9 1150000830
NOMBRE;apellido;Direccion 831;+54 9 1150000831
NOMBRE;apellido;Direccion 832;+54 9 1150000832
NOMBRE;apellido;Direccion 833;+54 9 1150000833
NOMBRE;apellido;Direccion 834;+54 9 1150000834
NOMBRE;apellido;Direccion 835;+54 9 1150000835
NOMBRE;apellido;Direccion 836;+54 9 1150000836
NOMBRE;apellido;Direccion 837;+54 9 1150000837
NOMBRE;apellido;Direccion 838;+54 9 1150000838
NOMBRE;apellido;Direccion 839;+54 9 1150000839
NOMBRE;apellido;Direccion 840;+54 9 1150000840
NOMBRE;apellido;Direccion 841;+54 9 1150000841
NOMBRE;apellido;Direccion 842;+54 9 1150000842
NOMBRE;apellido;Direccion 843;+54 9 1150000843
NOMBRE;apellido;Direccion 844;+54 9 1150000844
NOMBRE;apellido;Direccion 845;+54 9 1150000845
NOMBRE;apellido;Direccion 846;+54 9 1150000846
NOMBRE;apellido;Direccion 847;+54 9 1150000847
NOMBRE;apellido;Direccion 848;+54 9 1150000848
NOMBRE;apellido;Direccion 849;+54 9 1150000849
NOMBRE;apellido;Direccion 850;+54 9 1150000850
NOMBRE;apellido;Direccion 851;+54 9 1150000851
NOMBRE;apellido;Direccion 852;+54 9 1150000852
NOMBRE;apellido;Direccion 853;+54 9 1150000853
NOMBRE;apellido;Direccion 854;+54 9 1150000854
NOMBRE;apellido;Direccion 855;+54 9 1150000855
NOMBRE;apellido;Direccion 856;+54 9 1150000856
NOMBRE;apellido;Direccion 857;+54 9 1150000857
NOMBRE;apellido;Direccion 858;+54 9 1150000858
NOMBRE;apellido;Direccion 859;+54 9 1150000859
NOMBRE;apellido;Direccion 860;+54 9 1150000860
NOMBRE;apellido;Direccion 861;+54 9 1150000861
NOMBRE;apellido;Direccion 862;+54 9 1150000862
NOMBRE;apellido;Direccion 863;+54 9 1150000863
NOMBRE;apellido;Direccion 864;+54 9 1150000864
NOMBRE;apellido;Direccion 865;+54 9 1150000865
NOMBRE;apellido;Direccion 866;+54 9 1150000866
NOMBRE;apellido;Direccion 867;+54 9 1150000867
NOMBRE;apellido;Direccion 868;+54 9 1150000868
NOMBRE;apellido;Direccion 869;+54 9 1150000869
NOMBRE;apellido;Direccion 870;+54 9 1150000870
NOMBRE;apellido;Direccion 871;+54 9 1150000871
NOMBRE;apellido;Direccion 872;+54 9 1150000872
NOMBRE;apellido;Direccion 873;+54 9 1150000873
NOMBRE;apellido;Direccion 874;+54 9 1150000874
NOMBRE;apellido;Direccion 875;+54 9 1150000875
NOMBRE;apellido;Direccion 876;+54 9 1150000876
NOMBRE;apellido;Direccion 877;+54 9 1150000877
NOMBRE;apellido;Direccion 878;+54 9 1150000878
NOMBRE;apellido;Direccion 879;+54 9 1150000879
NOMBRE;apellido;Direccion 880;+54 9 1150000880
NOMBRE;apellido;Direccion 881;+54 9 1150000881
NOMBRE;apellido;Direccion 882;+54 9 1150000882
NOMBRE;apellido;Direccion 883;+54 9 1150000883
NOMBRE;apellido;Direccion 884;+54 9 1150000884
NOMBRE;apellido;Direccion 885;+54 9 1150000885
NOMBRE;apellido;Direccion 886;+54 9 1150000886
NOMBRE;apellido;Direccion 887;+54 9 1150000887
NOMBRE;apellido;Direccion 888;+54 9 1150000888
NOMBRE;apellido;Direccion 889;+54 9 1150000889
NOMBRE;apellido;Direccion 890;+54 9 1150000890
NOMBRE;apellido;Direccion 891;+54 9 1150000891
NOMBRE;apellido;Direccion 892;+54 9 1150000892
NOMBRE;apellido;Direccion 893;+54 9 1150000893
NOMBRE;apellido;Direccion 894;+54 9 1150000894
NOMBRE;apellido;Direccion 895;+54 9 1150000895
NOMBRE;apellido;Direccion 896;+54 9 1150000896
NOMBRE;apellido;Direccion 897;+54 9 1150000897
NOMBRE;apellido;Direccion 898;+54 9 1150000898
NOMBRE;apellido;Direccion 899;+54 9 1150000899
NOMBRE;apellido;Direccion 900;+54 9 1150000900
NOMBRE;apellido;Direccion 901;+54 9 1150000901
NOMBRE;apellido;Direccion 902;+54 9 1150000902
NOMBRE;apellido;Direccion 903;+54 9 1150000903
NOMBRE;apellido;Direccion 904;+54 9 1150000904
NOMBRE;apellido;Direccion 905;+54 9 1150000905
NOMBRE;apellido;Direccion 906;+54 9 1150000906
NOMBRE;apellido;Direccion 907;+54 9 1150000907
NOMBRE;apellido;Direccion 908;+54 9 1150000908
NOMBRE;apellido;Direccion 909;+54 9 1150000909
NOMBRE;apellido;Direccion 910;+54 9 1150000910
NOMBRE;apellido;Direccion 911;+54 9 1150000911
NOMBRE;apellido;Direccion 912;+54 9 1150000912
NOMBRE;apellido;Direccion 913;+54 9 1150000913
NOMBRE;apellido;Direccion 914;+54 9 1150000914
NOMBRE;apellido;Direccion 915;+54 9 1150000915
NOMBRE;apellido;Direccion 916;+54 9 1150000916
NOMBRE;apellido;Direccion 917;+54 9 1150000917
NOMBRE;apellido;Direccion 918;+54 9 1150000918
NOMBRE;apellido;Direccion 919;+54 9 1150000919
NOMBRE;apellido;Direccion 920;+54 9 1150000920
NOMBRE;apellido;Direccion 921;+54 9 1150000921
NOMBRE;apellido;Direccion 922;+54 9 1150000922
NOMBRE;apellido;Direccion 923;+54 9 1150000923
NOMBRE;apellido;Direccion 924;+54 9 1150000924
NOMBRE;apellido;Direccion 925;+54 9 1150000925
NOMBRE;apellido;Direccion 926;+54 9 1150000926
NOMBRE;apellido;Direccion 927;+54 9 1150000927
NOMBRE;apellido;Direccion 928;+54 9 1150000928
NOMBRE;apellido;Direccion 929;+54 9 1150000929
NOMBRE;apellido;Direccion 930;+54 9 1150000930
NOMBRE;apellido;Direccion 931;+54 9 1150000931
NOMBRE;apellido;Direccion 932;+54 9 1150000932
NOMBRE;apellido;Direccion 933;+54 9 1150000933
NOMBRE;apellido;Direccion 934;+54 9 1150000934
NOMBRE;apellido;Direccion 935;+54 9 1150000935
NOMBRE;apellido;Direccion 936;+54 9 1150000936
NOMBRE;apellido;Direccion 937;+54 9 1150000937
NOMBRE;apellido;Direccion 938;+54 9 1150000938
NOMBRE;apellido;Direccion 939;+54 9 1150000939
NOMBRE;apellido;Direccion 940;+54 9 1150000940
NOMBRE;apellido;Direccion 941;+54 9 1150000941
NOMBRE;apellido;Direccion 942;+54 9 1150000942
NOMBRE;apellido;Direccion 943;+54 9 1150000943
NOMBRE;apellido;Direccion 944;+54 9 1150000944
NOMBRE;apellido;Direccion 945;+54 9 1150000945
NOMBRE;apellido;Direccion 946;+54 9 1150000946
NOMBRE;apellido;Direccion 947;+54 9 1150000947
NOMBRE;apellido;Direccion 948;+54 9 1150000948
NOMBRE;apellido;Direccion 949;+54 9 1150000949
NOMBRE;apellido;Direccion 950;+54 9 1150000950
NOMBRE;apellido;Direccion 951;+54 9 1150000951
NOMBRE;apellido;Direccion 952;+54 9 1150000952
NOMBRE;apellido;Direccion 953;+54 9 1150000953
NOMBRE;apellido;Direccion 954;+54 9 1150000954
NOMBRE;apellido;Direccion 955;+54 9 1150000955
NOMBRE;apellido;Direccion 956;+54 9 1150000956
NOMBRE;apellido;Direccion 957;+54 9 1150000957
NOMBRE;apellido;Direccion 958;+54 9 1150000958
NOMBRE;apellido;Direccion 959;+54 9 1150000959
NOMBRE;apellido;Direccion 960;+54 9 1150000960
NOMBRE;apellido;Direccion 961;+54 9 1150000961
NOMBRE;apellido;Direccion 962;+54 9 1150000962
NOMBRE;apellido;Direccion 963;+54 9 1150000963
NOMBRE;apellido;Direccion 964;+54 9 1150000964
NOMBRE;apellido;Direccion 965;+54 9 1150000965
NOMBRE;apellido;Direccion 966;+54 9 1150000966
NOMBRE;apellido;Direccion 967;+54 9 1150000967
NOMBRE;apellido;Direccion 968;+54 9 1150000968
NOMBRE;apellido;Direccion 969;+54 9 1150000969
NOMBRE;apellido;Direccion 970;+54 9 1150000970
NOMBRE;apellido;Direccion 971;+54 9 1150000971
NOMBRE;apellido;Direccion 972;+54 9 1150000972
NOMBRE;apellido;Direccion 973;+54 9 1150000973
NOMBRE;apellido;Direccion 974;+54 9 1150000974
NOMBRE;apellido;Direccion 975;+54 9 1150000975
NOMBRE;apellido;Direccion 976;+54 9 1150000976
NOMBRE;apellido;Direccion 977;+54 9 1150000977
NOMBRE;apellido;Direccion 978;+54 9 1150000978
NOMBRE;apellido;Direccion 979;+54 9 1150000979
NOMBRE;apellido;Direccion 980;+54 9 1150000980
NOMBRE;apellido;Direccion 981;+54 9 1150000981
NOMBRE;apellido;Direccion 982;+54 9 1150000982
NOMBRE;apellido;Direccion 983;+54 9 1150000983
NOMBRE;apellido;Direccion 984;+54 9 1150000984
NOMBRE;apellido;Direccion 985;+54 9 1150000985
NOMBRE;apellido;Direccion 986;+54 9 1150000986
NOMBRE;apellido;Direccion 987;+54 9 1150000987
NOMBRE;apellido;Direccion 988;+54 9 1150000988
NOMBRE;apellido;Direccion 989;+54 9 1150000989
NOMBRE;apellido;Direccion 990;+54 9 1150000990
NOMBRE;apellido;Direccion 991;+54 9 1150000991
NOMBRE;apellido;Direccion 992;+54 9 1150000992
NOMBRE;apellido;Direccion 993;+54 9 1150000993
NOMBRE;apellido;Direccion 994;+54 9 1150000994
NOMBRE;apellido;Direccion 995;+54 9 1150000995
NOMBRE;apellido;Direccion 996;+54 9 1150000996
NOMBRE;apellido;Direccion 997;+54 9 1150000997
NOMBRE;apellido;Direccion 998;+54 9 1150000998
NOMBRE;apellido;Direccion 999;+54 9 1150000999
NOMBRE;apellido;Direccion 1000;+54 9 1150001000
